Lemoore Liberators,Easton Evil Empire,Clovis Jets,South Town FF,Kingsburg Killaz,Riverstone Stoners,Dinkey Creek Dirt Clods,Vancouver Moose Drool,Sanger Squatty Pottys,Visalia Viagra Vipers
TIER 1 — Drafted Rounds 1–5 (2025),,,,,,,,,
"Burrow, Joe CIN QB","Daniels, Jayden WAS QB","Jefferson, Justin MIN WR","McCaffrey, Christian SF RB","Gibbs, Jahmyr DET RB *","Jackson, Lamar BAL QB *","Robinson, Bijan ATL RB *","Chase, Ja'Marr CIN WR *","Cook, James BUF RB","Hurts, Jalen PHI QB"
"St. Brown, Amon-Ra DET WR","Smith-Njigba, Jaxon SEA WR","Jeanty, Ashton LV RB","London, Drake ATL WR","Barkley, Saquon PHI RB","Nabers, Malik NYG WR","Collins, Nico HOU WR","Allen, Josh BUF QB","Brown, Chase CIN RB","Henry, Derrick BAL RB"
"Mayfield, Baker TB QB",,"Hampton, Omarion LAC RB","Stroud, C.J. HOU QB","Lamb, CeeDee DAL WR","Taylor, Jonathan IND RB","Bowers, Brock LV TE","McBride, Trey ARI TE",,"Nacua, Puka LAR WR"
"Thomas, Brian JAX WR",,"Walker, Kenneth KC RB","Love, Jordan GB QB","McConkey, Ladd LAC WR","Wilson, Garrett NYJ WR","Nix, Bo DEN QB","Irving, Bucky TB RB",,"Williams, Kyren LAR RB"
"Achane, De'Von MIA RB",,"Brown, A.J. NE WR","Metcalf, DK PIT WR","Harrison, Marvin ARI WR","Higgins, Tee CIN WR","Jacobs, Josh GB RB","Adams, Davante LAR WR",,"Henderson, TreVeyon NE RB"
,,,,,,"Herbert, Justin LAC QB",,,"Evans, Mike SF WR"
TIER 2 — Drafted Rounds 6–10 (2025),,,,,,,,,
"Swift, D'Andre CHI RB","McCarthy, J.J. MIN QB","Worthy, Xavier KC WR","Harvey, RJ DEN RB","Williams, Caleb CHI QB *","Purdy, Brock SF QB *","Kamara, Alvin NO RB","Maye, Drake NE QB *","Goff, Jared DET QB","Pickens, George DAL WR"
"Smith, DeVonta PHI WR","Odunze, Rome CHI WR","Rice, Rashee KC WR","Sutton, Courtland DEN WR","Prescott, Dak DAL QB","Murray, Kyler MIN QB",,"McLaurin, Terry WAS WR","Pollard, Tony TEN RB",
"Hockenson, T.J. MIN TE","Williams, Jameson DET WR","Judkins, Quinshon CLE RB","Kelce, Travis KC TE","Moore, DJ BUF WR","Hall, Breece NYJ RB",,"Diggs, Stefon WAS WR","McMillan, Tetairoa CAR WR",
"Warren, Jaylen PIT RB","Charbonnet, Zach SEA RB",,"Mixon, Joe FA RB","Warren, Tyler IND TE","Waddle, Jaylen DEN WR",,"Montgomery, David HOU RB","Flowers, Zay BAL WR",
,"Andrews, Mark BAL TE",,"Samuel, Deebo SF WR",,"LaPorta, Sam DET TE",,"Williams, Javonte DAL RB","Etienne, Travis NO RB",
,"Egbuka, Emeka TB WR",,,,"Jones, Aaron MIN RB",,,"Meyers, Jakobi JAX WR",
,"Pearsall, Ricky SF WR",,,,"Hunter, Travis JAX WR",,,,
TIER 3 — Drafted Rounds 11+ / Free Agency (2025),,,,,,,,,
"Jennings, Jauan MIN WR","Lawrence, Trevor JAX QB","Tagovailoa, Tua ATL QB","Skattebo, Cam NYG RB","Loveland, Colston CHI TE *","Pitts, Kyle ATL TE *","Shough, Tyler NO QB *","Godwin, Chris TB WR *","Stafford, Matthew LAR QB","Stevenson, Rhamondre NE RB"
"Shakir, Khalil BUF WR","Robinson, Brian ATL RB","Dart, Jaxson NYG QB","Jeudy, Jerry CLE WR","Olave, Chris NO WR","Croskey-Merritt, Jacory WAS RB","Fannin, Harold CLE TE *","Sanders, Shedeur CLE QB","Reed, Jayden GB WR","Pittman, Michael PIT WR"
"Rodgers, Aaron PIT QB","Addison, Jordan MIN WR","Rivers, Philip FA QB","Darnold, Sam SEA QB","Bigsby, Tank PHI RB","Coker, Jalen CAR WR","Higgins, Jayden HOU WR","Davis, Malik DAL RB","Allen, Keenan FA WR","Brissett, Jacoby ARI QB"
"Kincaid, Dalton BUF TE","Benson, Trey ARI RB","Doubs, Romeo NE WR","Aiyuk, Brandon SF WR","Burden, Luther CHI WR","Mitchell, Adonai NYJ WR","Allgeier, Tyler ARI RB","Hunt, Kareem FA RB","Pierce, Alec IND WR","Marks, Woody HOU RB"
"Ayomanor, Elic TEN WR","Young, Bryce CAR QB","Franklin, Troy DEN WR","Dowdle, Rico PIT RB","Gainwell, Kenny TB RB","Chiefs, Kansas City KC DEF","Carter, Michael TEN RB","Johnson, Juwan NO TE","Watson, Christian GB WR","Wilson, Michael ARI WR"
"Falcons, Atlanta ATL DEF","Monangai, Kyle CHI RB","Johnston, Quentin LAC WR","Knight, Zonovan ARI RB","TeSlaa, Isaac DET WR","Pineiro, Eddy SF K","Wilson, Emanuel SEA RB","Seahawks, Seattle SEA DEF","Parkinson, Colby LAR TE","Ferguson, Jake DAL TE"
"Texans, Houston HOU DEF","Goedert, Dallas PHI TE","Ertz, Zach FA TE","Vikings, Minnesota MIN DEF","Lions, Detroit DET DEF",,"Robinson, Wan'Dale TEN WR","Fairbairn, Ka'imi HOU K","Schultz, Dalton HOU TE","Hill, Taysom FA TE"
"Butker, Harrison KC K","Broncos, Denver DEN DEF","Henry, Hunter NE TE","Lutz, Wil DEN K","Aubrey, Brandon DAL K",,"Slayton, Darius NYG WR",,"Steelers, Pittsburgh PIT DEF","Tonges, Jake SF TE"
,"Boswell, Chris PIT K","Jaguars, Jacksonville JAX DEF",,,,"Patriots, New England NE DEF",,"Little, Cam JAX K","Saints, New Orleans NO DEF"
,,"Loop, Tyler BAL K",,,,"Bates, Jake DET K",,,"Dicker, Cameron LAC K"
